{"cameraMode":{"drawMode":0,"name":"Shaded","section":"Shading Mode"},"sceneLighting":true,"audioPlay":false,"sceneViewState":{"showFog":true,"showMaterialUpdate":true,"showSkybox":true,"showFlares":true,"showImageEffects":true,"showParticleSystems":true},"in2DMode":false,"pivot":{"x":-11.431512832641602,"y":8.791929244995118,"z":-10.468584060668946},"rotation":{"x":-0.0091429203748703,"y":0.98466956615448,"z":-0.16547970473766328,"w":-0.054404374212026599},"size":19.874393463134767,"orthographic":false}