{"cameraMode":{"drawMode":0,"name":"Shaded","section":"Shading Mode"},"sceneLighting":false,"audioPlay":false,"sceneViewState":{"showFog":true,"showMaterialUpdate":true,"showSkybox":false,"showFlares":true,"showImageEffects":true,"showParticleSystems":true},"in2DMode":false,"pivot":{"x":1.1920928955078126e-7,"y":0.6336728930473328,"z":-0.21189892292022706},"rotation":{"x":0.39511802792549136,"y":0.4685518145561218,"z":-0.2466205507516861,"w":0.750683605670929},"size":2.9418163299560549,"orthographic":false}