{"cameraMode":{"drawMode":0,"name":"Shaded","section":"Shading Mode"},"sceneLighting":false,"audioPlay":false,"sceneViewState":{"showFog":true,"showMaterialUpdate":true,"showSkybox":false,"showFlares":true,"showImageEffects":true,"showParticleSystems":true},"in2DMode":false,"pivot":{"x":-18.899999618530275,"y":2.3399999141693117,"z":0.0},"rotation":{"x":-0.13100898265838624,"y":-0.4351237416267395,"z":0.06415969878435135,"w":-0.8884770274162293},"size":51.35795211791992,"orthographic":false}