{"cameraMode":{"drawMode":0,"name":"Shaded","section":"Shading Mode"},"sceneLighting":false,"audioPlay":false,"sceneViewState":{"showFog":true,"showMaterialUpdate":true,"showSkybox":true,"showFlares":true,"showImageEffects":true,"showParticleSystems":true},"in2DMode":false,"pivot":{"x":47.849609375,"y":1.4512608051300049,"z":5.263330936431885},"rotation":{"x":0.04198082163929939,"y":0.9270300269126892,"z":-0.3562581241130829,"w":0.1092391312122345},"size":4.865111827850342,"orthographic":false}