{"cameraMode":{"drawMode":0,"name":"Shaded","section":"Shading Mode"},"sceneLighting":true,"audioPlay":false,"sceneViewState":{"showFog":true,"showMaterialUpdate":true,"showSkybox":true,"showFlares":true,"showImageEffects":true,"showParticleSystems":true},"in2DMode":false,"pivot":{"x":68.9544448852539,"y":-122.39490509033203,"z":87.62948608398438},"rotation":{"x":-0.5230332016944885,"y":-0.29495495557785036,"z":0.19920465350151063,"w":-0.7744463086128235},"size":302.44354248046877,"orthographic":false}