{"cameraMode":{"drawMode":0,"name":"Shaded","section":"Shading Mode"},"sceneLighting":false,"audioPlay":false,"sceneViewState":{"showFog":true,"showMaterialUpdate":true,"showSkybox":true,"showFlares":true,"showImageEffects":true,"showParticleSystems":true},"in2DMode":false,"pivot":{"x":-11.623126983642579,"y":9.286064147949219,"z":10.808606147766114},"rotation":{"x":0.20350630581378938,"y":0.7524498701095581,"z":-0.27117446064949038,"w":0.5646856427192688},"size":3.50406813621521,"orthographic":false}