{"cameraMode":{"drawMode":0,"name":"Shaded","section":"Shading Mode"},"sceneLighting":true,"audioPlay":false,"sceneViewState":{"showFog":true,"showMaterialUpdate":true,"showSkybox":true,"showFlares":true,"showImageEffects":true,"showParticleSystems":true},"in2DMode":false,"pivot":{"x":40.84160614013672,"y":-5.210744857788086,"z":-9.724868774414063},"rotation":{"x":0.05806375667452812,"y":0.760278046131134,"z":-0.06860742717981339,"w":0.643362820148468},"size":72.99664306640625,"orthographic":false}