{"cameraMode":{"drawMode":0,"name":"Shaded","section":"Shading Mode"},"sceneLighting":true,"audioPlay":false,"sceneViewState":{"showFog":true,"showMaterialUpdate":true,"showSkybox":true,"showFlares":true,"showImageEffects":true,"showParticleSystems":true},"in2DMode":false,"pivot":{"x":23.233360290527345,"y":32.68232727050781,"z":65.8326644897461},"rotation":{"x":-0.274857759475708,"y":-0.65310138463974,"z":0.2765122056007385,"w":-0.6491945385932922},"size":132.48812866210938,"orthographic":false}