{"cameraMode":{"drawMode":0,"name":"Shaded","section":"Shading Mode"},"sceneLighting":false,"audioPlay":false,"sceneViewState":{"showFog":true,"showMaterialUpdate":true,"showSkybox":true,"showFlares":true,"showImageEffects":true,"showParticleSystems":true},"in2DMode":false,"pivot":{"x":24.299999237060548,"y":25.0,"z":-23.799999237060548},"rotation":{"x":0.031783100217580798,"y":0.9394115805625916,"z":-0.32903099060058596,"w":0.0907430499792099},"size":3.5244016647338869,"orthographic":false}