{"cameraMode":{"drawMode":0,"name":"Shaded","section":"Shading Mode"},"sceneLighting":false,"audioPlay":false,"sceneViewState":{"showFog":true,"showMaterialUpdate":true,"showSkybox":true,"showFlares":true,"showImageEffects":true,"showParticleSystems":true},"in2DMode":false,"pivot":{"x":13.25571060180664,"y":6.2833991050720219,"z":4.329771995544434},"rotation":{"x":-0.1314200460910797,"y":0.2790719270706177,"z":-0.03858766332268715,"w":-0.950453519821167},"size":20.093360900878908,"orthographic":false}