{"cameraMode":{"drawMode":0,"name":"Shaded","section":"Shading Mode"},"sceneLighting":false,"audioPlay":false,"sceneViewState":{"showFog":true,"showMaterialUpdate":true,"showSkybox":true,"showFlares":true,"showImageEffects":true,"showParticleSystems":true},"in2DMode":false,"pivot":{"x":-17.022441864013673,"y":1.8203682899475098,"z":0.8430913686752319},"rotation":{"x":0.14619049429893495,"y":-0.6348932385444641,"z":0.1240115538239479,"w":0.7484397292137146},"size":5.378434181213379,"orthographic":false}