{"cameraMode":{"drawMode":0,"name":"Shaded","section":"Shading Mode"},"sceneLighting":false,"audioPlay":false,"sceneViewState":{"showFog":true,"showMaterialUpdate":true,"showSkybox":false,"showFlares":true,"showImageEffects":true,"showParticleSystems":true},"in2DMode":false,"pivot":{"x":-13.6899995803833,"y":9.335000038146973,"z":8.875},"rotation":{"x":0.005296698771417141,"y":-0.9945145845413208,"z":0.08313325047492981,"w":0.06334754079580307},"size":3.50406813621521,"orthographic":false}